# Frame Index, Cluster Index
0,12
1,7
2,4
3,7
4,7
5,8
6,8
7,7
8,8
9,8
10,7
11,12
12,7
13,0
14,8
15,12
16,8
17,12
18,1
19,6
20,9
21,8
22,7
23,7
24,7
25,7
26,7
27,8
28,8
29,7
30,1
31,12
32,1
33,8
34,4
35,7
36,1
37,7
38,7
39,7
40,1
41,1
42,1
43,7
44,7
45,4
46,4
47,7
48,7
49,7
50,4
51,4
52,4
53,15
54,7
55,7
56,17
57,16
58,1
59,15
60,17
61,8
62,16
63,16
64,8
65,4
66,7
67,7
68,4
69,4
70,7
71,7
72,0
73,0
74,7
75,16
76,16
77,16
78,1
79,6
80,6
81,12
82,6
83,7
84,7
85,6
86,7
87,7
88,0
89,0
90,16
91,8
92,0
93,8
94,8
95,8
96,0
97,15
98,0
99,0
100,3
101,3
102,16
103,8
104,8
105,8
106,8
107,8
108,10
109,10
110,7
111,10
112,7
113,7
114,12
115,2
116,3
117,16
118,16
119,16
120,6
121,16
122,16
123,7
124,15
125,0
126,6
127,6
128,10
129,8
130,6
131,0
132,0
133,7
134,0
135,16
136,1
137,1
138,1
139,1
140,1
141,1
142,0
143,0
144,0
145,10
146,1
147,7
148,7
149,0
150,0
151,1
152,1
153,3
154,3
155,3
156,12
157,10
158,6
159,10
160,1
161,1
162,2
163,3
164,3
165,10
166,1
167,8
168,10
169,3
170,3
171,10
172,3
173,1
174,1
175,10
176,1
177,1
178,16
179,16
180,0
181,16
182,4
183,16
184,4
185,8
186,15
187,8
188,1
189,1
190,1
191,1
192,16
193,1
194,10
195,1
196,1
197,6
198,16
199,16
200,6
201,3
202,10
203,10
204,3
205,3
206,10
207,3
208,3
209,1
210,1
211,1
212,12
213,10
214,5
215,12
216,4
217,10
218,10
219,12
220,6
221,6
222,1
223,4
224,6
225,1
226,1
227,6
228,15
229,6
230,10
231,15
232,6
233,6
234,6
235,6
236,6
237,3
238,6
239,1
240,16
241,8
242,3
243,1
244,1
245,1
246,1
247,16
248,1
249,1
250,1
251,16
252,16
253,16
254,1
255,9
256,1
257,10
258,5
259,10
260,10
261,7
262,7
263,9
264,2
265,5
266,10
267,5
268,7
269,5
270,10
271,7
272,1
273,1
274,1
275,12
276,1
277,1
278,15
279,5
280,9
281,1
282,1
283,1
284,2
285,10
286,2
287,2
288,12
289,6
290,6
291,5
292,1
293,10
294,6
295,6
296,8
297,2
298,6
299,2
300,12
301,16
302,16
303,6
304,6
305,10
306,2
307,10
308,10
309,10
310,6
311,2
312,10
313,10
314,2
315,2
316,16
317,6
318,6
319,8
320,9
321,6
322,6
323,0
324,4
325,9
326,4
327,9
328,4
329,9
330,2
331,4
332,4
333,7
334,1
335,15
336,15
337,4
338,15
339,4
340,15
341,15
342,10
343,1
344,0
345,7
346,6
347,0
348,2
349,7
350,2
351,2
352,2
353,7
354,4
355,4
356,15
357,15
358,6
359,6
360,6
361,6
362,6
363,0
364,2
365,2
366,11
367,13
368,10
369,11
370,12
371,7
372,0
373,15
374,10
375,6
376,16
377,11
378,6
379,9
380,16
381,6
382,9
383,6
384,9
385,16
386,19
387,7
388,15
389,6
390,2
391,6
392,6
393,2
394,2
395,2
396,10
397,7
398,19
399,10
400,2
401,15
402,2
403,15
404,7
405,9
406,2
407,2
408,2
409,8
410,9
411,0
412,2
413,15
414,15
415,15
416,2
417,12
418,9
419,9
420,4
421,0
422,4
423,6
424,11
425,2
426,2
427,17
428,2
429,0
430,2
431,17
432,2
433,0
434,17
435,2
436,9
437,0
438,0
439,9
440,6
441,0
442,4
443,2
444,2
445,0
446,4
447,0
448,9
449,2
450,0
451,9
452,2
453,6
454,2
455,4
456,2
457,4
458,15
459,6
460,5
461,17
462,0
463,15
464,4
465,13
466,9
467,5
468,4
469,12
470,9
471,9
472,9
473,0
474,0
475,12
476,12
477,9
478,13
479,15
480,16
481,0
482,7
483,2
484,16
485,17
486,17
487,7
488,0
489,8
490,8
491,17
492,0
493,5
494,5
495,17
496,6
497,5
498,7
499,9
500,8
501,17
502,8
503,7
504,17
505,17
506,17
507,16
508,5
509,16
510,2
511,17
512,17
513,8
514,7
515,17
516,17
517,17
518,9
519,2
520,2
521,9
522,17
523,0
524,0
525,0
526,4
527,0
528,4
529,4
530,4
531,4
532,7
533,9
534,9
535,0
536,9
537,0
538,0
539,0
540,0
541,5
542,5
543,5
544,5
545,5
546,2
547,0
548,15
549,7
550,0
551,0
552,0
553,0
554,9
555,9
556,2
557,7
558,2
559,2
560,2
561,4
562,0
563,9
564,4
565,2
566,0
567,2
568,0
569,9
570,9
571,0
572,12
573,2
574,2
575,12
576,2
577,9
578,2
579,0
580,2
581,2
582,0
583,12
584,7
585,2
586,0
587,0
588,2
589,2
590,2
591,2
592,1
593,2
594,2
595,2
596,9
597,8
598,2
599,7
600,2
601,12
602,7
603,7
604,2
605,2
606,0
607,2
608,2
609,2
610,2
611,9
612,2
613,2
614,0
615,8
616,2
617,9
618,0
619,9
620,9
621,17
622,17
623,7
624,17
625,9
626,10
627,2
628,2
629,2
630,2
631,2
632,15
633,0
634,2
635,2
636,2
637,9
638,0
639,0
640,0
641,0
642,2
643,2
644,15
645,2
646,11
647,12
648,13
649,0
650,9
651,10
652,15
653,2
654,15
655,9
656,2
657,0
658,9
659,9
660,2
661,9
662,9
663,2
664,2
665,2
666,12
667,0
668,0
669,13
670,7
671,0
672,13
673,2
674,7
675,2
676,2
677,0
678,2
679,2
680,2
681,2
682,2
683,2
684,0
685,0
686,16
687,2
688,16
689,2
690,14
691,0
692,16
693,2
694,8
695,16
696,16
697,13
698,3
699,13
700,12
701,7
702,13
703,13
704,3
705,12
706,3
707,13
708,13
709,3
710,13
711,2
712,5
713,2
714,16
715,16
716,2
717,2
718,0
719,0
720,0
721,0
722,2
723,2
724,13
725,2
726,11
727,9
728,3
729,3
730,3
731,3
732,6
733,5
734,0
735,0
736,0
737,0
738,0
739,3
740,0
741,3
742,3
743,3
744,0
745,5
746,17
747,0
748,0
749,17
750,3
751,17
752,17
753,17
754,0
755,6
756,17
757,15
758,13
759,16
760,2
761,11
762,6
763,6
764,16
765,6
766,6
767,0
768,11
769,0
770,9
771,17
772,5
773,13
774,17
775,17
776,5
777,5
778,2
779,12
780,8
781,17
782,16
783,16
784,16
785,17
786,17
787,17
788,13
789,2
790,6
791,6
792,11
793,7
794,7
795,2
796,2
797,7
798,0
799,0
800,0
801,2
802,16
803,11
804,11
805,11
806,11
807,13
808,16
809,13
810,2
811,2
812,2
813,16
814,13
815,13
816,13
817,13
818,13
819,8
820,5
821,16
822,16
823,8
824,16
825,6
826,6
827,13
828,0
829,12
830,15
831,6
832,6
833,0
834,6
835,6
836,17
837,6
838,6
839,8
840,6
841,7
842,6
843,8
844,8
845,17
846,0
847,0
848,15
849,6
850,0
851,2
852,0
853,0
854,0
855,0
856,10
857,4
858,4
859,10
860,4
861,4
862,4
863,4
864,4
865,4
866,10
867,10
868,10
869,10
870,2
871,2
872,12
873,0
874,7
875,2
876,2
877,2
878,7
879,6
880,0
881,0
882,10
883,7
884,10
885,10
886,0
887,0
888,0
889,8
890,8
891,8
892,8
893,3
894,3
895,6
896,6
897,7
898,7
899,10
900,6
901,7
902,8
903,4
904,4
905,0
906,6
907,8
908,8
909,8
910,6
911,10
912,9
913,8
914,9
915,8
916,9
917,8
918,3
919,8
920,8
921,0
922,0
923,17
924,8
925,0
926,3
927,8
928,3
929,8
930,8
931,15
932,8
933,9
934,18
935,17
936,18
937,0
938,0
939,1
940,1
941,8
942,4
943,14
944,14
945,6
946,18
947,6
948,4
949,18
950,5
951,8
952,5
953,8
954,2
955,1
956,1
957,6
958,4
959,4
960,1
961,1
962,4
963,1
964,4
965,4
966,8
967,8
968,4
969,4
970,8
971,8
972,4
973,8
974,8
975,4
976,4
977,8
978,4
979,4
980,0
981,6
982,4
983,4
984,4
985,6
986,18
987,6
988,18
989,8
990,8
991,8
992,18
993,6
994,5
995,5
996,5
997,8
998,4
999,8
1000,7
1001,7
1002,6
1003,8
1004,8
1005,6
1006,6
1007,6
1008,13
1009,13
1010,4
1011,12
1012,12
1013,12
1014,4
1015,9
1016,4
1017,5
1018,13
1019,16
1020,13
1021,5
1022,16
1023,16
1024,4
1025,9
1026,9
1027,9
1028,9
1029,10
1030,4
1031,6
1032,6
1033,5
1034,10
1035,16
1036,16
1037,16
1038,10
1039,4
1040,4
1041,4
1042,4
1043,4
1044,4
1045,4
1046,4
1047,4
1048,4
1049,10
1050,4
1051,10
1052,4
1053,10
1054,8
1055,9
1056,8
1057,14
1058,8
1059,8
1060,8
1061,8
1062,11
1063,14
1064,1
1065,11
1066,11
1067,14
1068,14
1069,5
1070,8
1071,11
1072,0
1073,8
1074,8
1075,8
1076,4
1077,4
1078,8
1079,8
1080,0
1081,6
1082,4
1083,4
1084,4
1085,4
1086,4
1087,6
1088,6
1089,6
1090,0
1091,6
1092,2
1093,4
1094,4
1095,6
1096,6
1097,2
1098,4
1099,4
1100,5
1101,8
1102,2
1103,0
1104,0
1105,0
1106,5
1107,5
1108,6
1109,4
1110,4
1111,8
1112,8
1113,2
1114,8
1115,0
1116,8
1117,4
1118,4
1119,0
1120,4
1121,4
1122,4
1123,0
1124,4
1125,4
1126,5
1127,1
1128,1
1129,6
1130,6
1131,8
1132,8
1133,8
1134,0
1135,10
1136,5
1137,5
1138,5
1139,8
1140,1
1141,12
1142,12
1143,1
1144,8
1145,1
1146,12
1147,12
1148,8
1149,12
1150,4
1151,12
1152,12
1153,12
1154,12
1155,8
1156,8
1157,8
1158,8
1159,0
1160,8
1161,0
1162,7
1163,8
1164,12
1165,4
1166,7
1167,1
1168,1
1169,5
1170,1
1171,5
1172,1
1173,5
1174,4
1175,4
1176,2
1177,5
1178,8
1179,17
1180,4
1181,4
1182,1
1183,4
1184,14
1185,4
1186,14
1187,14
1188,0
1189,2
1190,7
1191,14
1192,2
1193,0
1194,4
1195,4
1196,7
1197,4
1198,17
1199,0
1200,5
1201,1
1202,1
1203,1
1204,14
1205,6
1206,15
1207,5
1208,5
1209,5
1210,14
1211,5
1212,0
1213,6
1214,0
1215,1
1216,14
1217,17
1218,0
1219,6
1220,6
1221,5
1222,5
1223,0
1224,5
1225,1
1226,16
1227,6
1228,5
1229,5
1230,5
1231,5
1232,9
1233,15
1234,9
1235,2
1236,15
1237,2
1238,14
1239,16
1240,6
1241,6
1242,14
1243,5
1244,2
1245,14
1246,14
1247,14
1248,15
1249,14
1250,7
1251,14
1252,1
1253,1
1254,15
1255,15
1256,15
1257,1
1258,14
1259,14
1260,14
1261,15
1262,14
1263,4
1264,1
1265,1
1266,4
1267,7
1268,0
1269,4
1270,1
1271,17
1272,4
1273,17
1274,5
1275,1
1276,1
1277,15
1278,15
1279,0
1280,1
1281,1
1282,4
1283,4
1284,4
1285,4
1286,6
1287,6
1288,1
1289,1
1290,1
1291,1
1292,4
1293,1
1294,4
1295,1
1296,1
1297,6
1298,6
1299,6
1300,5
1301,5
1302,5
1303,1
1304,7
1305,7
1306,1
1307,1
1308,8
1309,6
1310,1
1311,6
1312,10
1313,10
1314,0
1315,13
1316,8
1317,4
1318,4
1319,4
1320,5
1321,5
1322,8
1323,5
1324,1
1325,8
1326,1
1327,8
1328,8
1329,13
1330,5
1331,5
1332,1
1333,0
1334,0
1335,0
1336,0
1337,8
1338,8
1339,8
1340,8
1341,8
1342,8
1343,8
1344,8
1345,6
1346,6
1347,6
1348,5
1349,8
1350,1
1351,5
1352,0
1353,0
1354,6
1355,1
1356,1
1357,13
1358,13
1359,9
1360,9
1361,4
1362,4
1363,9
1364,0
1365,0
1366,9
1367,9
1368,13
1369,8
1370,9
1371,13
1372,9
1373,13
1374,9
1375,14
1376,9
1377,9
1378,1
1379,1
1380,1
1381,9
1382,9
1383,7
1384,9
1385,9
1386,9
1387,1
1388,14
1389,9
1390,15
1391,6
1392,6
1393,15
1394,15
1395,6
1396,13
1397,0
1398,9
1399,6
1400,6
1401,1
1402,1
1403,5
1404,6
1405,6
1406,13
1407,9
1408,13
1409,1
1410,13
1411,6
1412,13
1413,13
1414,6
1415,9
1416,13
1417,14
1418,14
1419,6
1420,14
1421,14
1422,6
1423,14
1424,6
1425,6
1426,0
1427,0
1428,0
1429,1
1430,6
1431,4
1432,6
1433,6
1434,6
1435,4
1436,1
1437,4
1438,6
1439,1
1440,4
1441,6
1442,4
1443,4
1444,4
1445,4
1446,16
1447,4
1448,4
1449,4
1450,4
1451,9
1452,13
1453,6
1454,16
1455,6
1456,9
1457,9
1458,1
1459,4
1460,0
1461,0
1462,0
1463,9
1464,9
1465,6
1466,9
1467,1
1468,15
1469,1
1470,7
1471,7
1472,9
1473,7
1474,7
1475,6
1476,6
1477,6
1478,6
1479,0
1480,0
1481,2
1482,0
1483,13
1484,0
1485,9
1486,0
1487,2
1488,9
1489,13
1490,9
1491,9
1492,13
1493,13
1494,3
1495,3
1496,9
1497,13
1498,6
1499,6
1500,0
1501,0
1502,9
1503,13
1504,0
1505,0
1506,5
1507,6
1508,13
1509,13
1510,6
1511,6
1512,7
1513,5
1514,0
1515,12
1516,12
1517,17
1518,0
1519,17
1520,6
1521,17
1522,7
1523,3
1524,6
1525,6
1526,3
1527,6
1528,8
1529,6
1530,6
1531,6
1532,7
1533,6
1534,13
1535,7
1536,2
1537,2
1538,13
1539,1
1540,7
1541,18
1542,3
1543,3
1544,0
1545,1
1546,1
1547,3
1548,3
1549,3
1550,3
1551,3
1552,3
1553,11
1554,11
1555,3
1556,3
1557,0
1558,15
1559,15
1560,6
1561,1
1562,7
1563,1
1564,6
1565,6
1566,18
1567,7
1568,18
1569,18
1570,3
1571,18
1572,0
1573,1
1574,6
1575,11
1576,11
1577,8
1578,7
1579,7
1580,11
1581,7
1582,11
1583,0
1584,0
1585,5
1586,7
1587,3
1588,5
1589,3
1590,7
1591,7
1592,0
1593,0
1594,0
1595,6
1596,6
1597,11
1598,7
1599,7
1600,7
1601,7
1602,17
1603,11
1604,11
1605,11
1606,12
1607,11
1608,12
1609,0
1610,15
1611,15
1612,17
1613,7
1614,5
1615,15
1616,18
1617,18
1618,18
1619,0
1620,18
1621,15
1622,6
1623,6
1624,18
1625,0
1626,5
1627,15
1628,7
1629,7
1630,5
1631,15
1632,7
1633,5
1634,18
1635,15
1636,18
1637,5
1638,18
1639,0
1640,8
1641,0
1642,8
1643,15
1644,8
1645,15
1646,8
1647,15
1648,15
1649,8
1650,8
1651,8
1652,7
1653,3
1654,14
1655,8
1656,8
1657,14
1658,17
1659,14
1660,17
1661,17
1662,14
1663,14
1664,8
1665,17
1666,17
1667,17
1668,17
1669,7
1670,8
1671,7
1672,8
1673,8
1674,17
1675,7
1676,11
1677,11
1678,11
1679,9
1680,3
1681,3
1682,3
1683,14
1684,9
1685,5
1686,9
1687,8
1688,10
1689,9
1690,8
1691,19
1692,3
1693,3
1694,3
1695,12
1696,12
1697,19
1698,1
1699,7
1700,19
1701,1
1702,1
1703,5
1704,11
1705,5
1706,5
1707,7
1708,11
1709,6
1710,11
1711,1
1712,1
1713,11
1714,1
1715,1
1716,11
1717,11
1718,7
1719,19
1720,19
1721,0
1722,11
1723,7
1724,7
1725,19
1726,1
1727,19
1728,17
1729,17
1730,1
1731,6
1732,1
1733,1
1734,1
1735,1
1736,6
1737,6
1738,1
1739,1
1740,10
1741,2
1742,0
1743,1
1744,11
1745,19
1746,3
1747,7
1748,7
1749,4
1750,1
1751,4
1752,7
1753,4
1754,3
1755,3
1756,3
1757,8
1758,4
1759,4
1760,3
1761,7
1762,7
1763,7
1764,7
1765,8
1766,9
1767,8
1768,9
1769,9
1770,8
1771,3
1772,8
1773,11
1774,12
1775,12
1776,3
1777,3
1778,7
1779,14
1780,14
1781,2
1782,10
1783,10
1784,0
1785,7
1786,5
1787,10
1788,12
1789,8
1790,5
1791,3
1792,3
1793,7
1794,7
1795,7
1796,9
1797,9
1798,3
1799,4
1800,4
1801,8
1802,8
1803,11
1804,11
1805,11
1806,7
1807,11
1808,4
1809,7
1810,1
1811,4
1812,4
1813,5
1814,5
1815,0
1816,0
1817,5
1818,5
1819,11
1820,7
1821,5
1822,5
1823,1
1824,11
1825,11
1826,6
1827,2
1828,8
1829,11
1830,6
1831,11
1832,1
1833,1
1834,14
1835,1
1836,5
1837,8
1838,1
1839,5
1840,6
1841,10
1842,1
1843,10
1844,4
1845,4
1846,5
1847,7
1848,7
1849,8
1850,7
1851,7
1852,7
1853,7
1854,7
1855,1
1856,1
1857,8
1858,1
1859,4
1860,8
1861,9
1862,9
1863,9
1864,1
1865,1
1866,9
1867,9
1868,6
1869,8
1870,1
1871,1
1872,9
1873,14
1874,9
1875,9
1876,4
1877,14
1878,4
1879,14
1880,4
1881,14
1882,6
1883,1
1884,9
1885,9
1886,6
1887,14
1888,14
1889,9
1890,14
1891,1
1892,5
1893,14
1894,1
1895,1
1896,14
1897,1
1898,1
1899,1
1900,3
1901,3
1902,3
1903,2
1904,14
1905,3
1906,14
1907,14
1908,4
1909,3
1910,5
1911,5
1912,7
1913,5
1914,1
1915,5
1916,3
1917,3
1918,1
1919,5
1920,14
1921,14
1922,14
1923,5
1924,8
1925,3
1926,3
1927,3
1928,3
1929,4
1930,4
1931,4
1932,19
1933,12
1934,6
1935,6
1936,6
1937,11
1938,11
1939,14
1940,14
1941,14
1942,5
1943,5
1944,14
1945,14
1946,12
1947,14
1948,4
1949,12
1950,11
1951,3
1952,3
1953,12
1954,14
1955,14
1956,14
1957,14
1958,4
1959,3
1960,2
1961,4
1962,8
1963,4
1964,8
1965,15
1966,15
1967,4
1968,14
1969,15
1970,7
1971,4
1972,4
1973,4
1974,4
1975,15
1976,14
1977,2
1978,3
1979,14
1980,2
1981,7
1982,7
1983,3
1984,3
1985,3
1986,11
1987,11
1988,3
1989,5
1990,5
1991,5
1992,7
1993,7
1994,15
1995,15
1996,14
1997,14
1998,14
1999,2
2000,1
2001,4
2002,14
2003,14
2004,1
2005,5
2006,1
2007,7
2008,0
2009,0
2010,2
2011,5
2012,3
2013,2
2014,1
2015,1
2016,2
2017,1
2018,1
2019,5
2020,1
2021,5
2022,1
2023,1
2024,3
2025,1
2026,3
2027,3
2028,3
2029,7
2030,2
2031,4
2032,4
2033,1
2034,1
2035,1
2036,1
2037,5
2038,1
2039,1
2040,4
2041,1
2042,15
2043,0
2044,7
2045,7
2046,7
2047,15
2048,15
2049,15
2050,14
2051,0
2052,1
2053,1
2054,15
2055,17
2056,17
2057,1
2058,1
2059,1
2060,1
2061,1
2062,12
2063,6
2064,3
2065,14
2066,4
2067,4
2068,3
2069,12
2070,3
2071,3
2072,14
2073,14
2074,11
2075,12
2076,5
2077,17
2078,5
2079,14
2080,17
2081,5
2082,5
2083,5
2084,12
2085,6
2086,5
2087,5
2088,4
2089,5
2090,14
2091,10
2092,14
2093,5
2094,1
2095,4
2096,4
2097,1
2098,4
2099,12
2100,15
2101,4
2102,1
2103,7
2104,7
2105,7
2106,12
2107,1
2108,7
2109,9
2110,7
2111,9
2112,18
2113,7
2114,7
2115,7
2116,3
2117,14
2118,14
2119,12
2120,18
2121,3
2122,14
2123,14
2124,14
2125,4
2126,1
2127,3
2128,3
2129,3
2130,5
2131,1
2132,5
2133,14
2134,5
2135,13
2136,13
2137,12
2138,14
2139,1
2140,14
2141,1
2142,3
2143,3
2144,1
2145,0
2146,12
2147,12
2148,12
2149,12
2150,3
2151,13
2152,13
2153,3
2154,14
2155,3
2156,13
2157,14
2158,14
2159,12
2160,14
2161,14
2162,2
2163,1
2164,1
2165,1
2166,1
2167,1
2168,17
2169,13
2170,4
2171,1
2172,1
2173,4
2174,4
2175,1
2176,1
2177,1
2178,1
2179,1
2180,1
2181,1
2182,13
2183,17
2184,1
2185,1
2186,1
2187,13
2188,13
2189,13
2190,5
2191,13
2192,5
2193,4
2194,11
2195,3
2196,3
2197,4
2198,4
2199,11
2200,4
2201,13
2202,5
2203,13
2204,4
2205,13
2206,13
2207,11
2208,11
2209,14
2210,14
2211,14
2212,13
2213,13
2214,13
2215,13
2216,11
2217,13
2218,11
2219,1
2220,13
2221,5
2222,5
2223,5
2224,11
2225,7
2226,13
2227,0
2228,11
2229,17
2230,13
2231,13
2232,13
2233,2
2234,0
2235,13
2236,13
2237,3
2238,11
2239,13
2240,13
2241,13
2242,4
2243,13
2244,0
2245,4
2246,0
2247,13
2248,4
2249,4
2250,15
2251,15
2252,2
2253,5
2254,2
2255,2
2256,4
2257,11
2258,4
2259,11
2260,2
2261,11
2262,15
2263,11
2264,5
2265,12
2266,11
2267,11
2268,11
2269,2
2270,2
2271,11
2272,4
2273,4
2274,4
2275,2
2276,13
2277,13
2278,17
2279,17
2280,1
2281,1
2282,15
2283,5
2284,1
2285,5
2286,5
2287,5
2288,5
2289,5
2290,5
2291,4
2292,4
2293,4
2294,3
2295,5
2296,5
2297,1
2298,17
2299,17
2300,3
2301,3
2302,3
2303,1
2304,7
2305,7
2306,7
2307,17
2308,7
2309,7
2310,7
2311,5
2312,5
2313,16
2314,5
2315,1
2316,1
2317,4
2318,7
2319,2
2320,2
2321,2
2322,2
2323,7
2324,7
2325,15
2326,1
2327,7
2328,13
2329,15
2330,7
2331,7
2332,7
2333,7
2334,7
2335,7
2336,7
2337,3
2338,7
2339,1
2340,1
2341,1
2342,13
2343,13
2344,1
2345,15
2346,15
2347,15
2348,15
2349,15
2350,3
2351,3
2352,15
2353,3
2354,9
2355,1
2356,15
2357,3
2358,1
2359,15
2360,3
2361,4
2362,4
2363,0
2364,15
2365,14
2366,0
2367,0
2368,3
2369,3
2370,3
2371,3
2372,3
2373,7
2374,12
2375,1
2376,0
2377,7
2378,7
2379,3
2380,1
2381,16
2382,6
2383,15
2384,6
2385,14
2386,6
2387,6
2388,13
2389,13
2390,3
2391,12
2392,12
2393,13
2394,4
2395,1
2396,6
2397,13
2398,1
2399,11
2400,15
2401,1
2402,7
2403,14
2404,0
2405,1
2406,1
2407,3
2408,0
2409,15
2410,1
2411,0
2412,1
2413,15
2414,5
2415,5
2416,0
2417,0
2418,0
2419,16
2420,16
2421,5
2422,5
2423,5
2424,2
2425,3
2426,12
2427,12
2428,3
2429,16
2430,4
2431,3
2432,4
2433,13
2434,5
2435,13
2436,16
2437,16
2438,12
2439,7
2440,12
2441,12
2442,3
2443,3
2444,5
2445,5
2446,16
2447,12
2448,3
2449,10
2450,16
2451,1
2452,16
2453,3
2454,6
2455,12
2456,16
2457,2
2458,2
2459,1
2460,1
2461,5
2462,12
2463,12
2464,11
2465,10
2466,12
2467,10
2468,5
2469,5
2470,5
2471,5
2472,7
2473,3
2474,3
2475,12
2476,4
2477,4
2478,12
2479,2
2480,16
2481,16
2482,13
2483,4
2484,16
2485,4
2486,17
2487,12
2488,4
2489,17
2490,2
2491,12
2492,0
2493,1
2494,1
2495,7
2496,2
2497,5
2498,5
2499,15
2500,13
2501,13
2502,1
2503,1
2504,12
2505,17
2506,17
2507,12
2508,12
2509,17
2510,17
2511,1
2512,13
2513,17
2514,2
2515,17
2516,17
2517,2
2518,4
2519,1
2520,5
2521,1
2522,0
2523,5
2524,4
2525,5
2526,4
2527,15
2528,17
2529,1
2530,17
2531,3
2532,5
2533,4
2534,10
2535,3
2536,9
2537,3
2538,3
2539,3
2540,13
2541,3
2542,13
2543,3
2544,2
2545,2
2546,3
2547,3
2548,7
2549,7
2550,2
2551,7
2552,2
2553,2
2554,7
2555,1
2556,1
2557,13
2558,2
2559,2
2560,0
2561,2
2562,1
2563,13
2564,0
2565,1
2566,1
2567,1
2568,1
2569,1
2570,1
2571,10
2572,16
2573,1
2574,1
2575,11
2576,6
2577,6
2578,6
2579,13
2580,13
2581,3
2582,6
2583,10
2584,16
2585,0
2586,16
2587,16
2588,4
2589,7
2590,0
2591,6
2592,16
2593,6
2594,16
2595,16
2596,6
2597,6
2598,16
2599,11
2600,11
2601,11
2602,16
2603,16
2604,16
2605,3
2606,4
2607,3
2608,13
2609,13
2610,3
2611,6
2612,6
2613,13
2614,13
2615,6
2616,1
2617,13
2618,12
2619,11
2620,13
2621,11
2622,13
2623,11
2624,16
2625,16
2626,12
2627,1
2628,1
2629,1
2630,3
2631,1
2632,1
2633,3
2634,3
2635,4
2636,4
2637,16
2638,16
2639,3
2640,1
2641,15
2642,13
2643,13
2644,1
2645,12
2646,3
2647,3
2648,13
2649,3
2650,10
2651,11
2652,13
2653,3
2654,5
2655,15
2656,6
2657,4
2658,15
2659,4
2660,11
2661,11
2662,11
2663,3
2664,4
2665,1
2666,3
2667,6
2668,6
2669,1
2670,1
2671,1
2672,16
2673,16
2674,16
2675,4
2676,4
2677,4
2678,16
2679,1
2680,4
2681,6
2682,4
2683,6
2684,6
2685,6
2686,6
2687,17
2688,5
2689,6
2690,11
2691,11
2692,6
2693,6
2694,6
2695,7
2696,6
2697,6
2698,3
2699,6
2700,1
2701,1
2702,11
2703,7
2704,4
2705,5
2706,7
2707,4
2708,4
2709,7
2710,9
2711,4
2712,10
2713,16
2714,1
2715,4
2716,4
2717,2
2718,3
2719,2
2720,2
2721,2
2722,3
2723,3
2724,13
2725,13
2726,2
2727,13
2728,13
2729,4
2730,4
2731,11
2732,3
2733,4
2734,11
2735,6
2736,4
2737,6
2738,1
2739,3
2740,1
2741,1
2742,1
2743,1
2744,1
2745,1
2746,1
2747,11
2748,11
2749,19
2750,19
2751,19
2752,19
2753,11
2754,6
2755,11
2756,11
2757,1
2758,3
2759,6
2760,1
2761,1
2762,1
2763,1
2764,4
2765,12
2766,3
2767,11
2768,0
2769,11
2770,3
2771,4
2772,6
2773,3
2774,12
2775,12
2776,3
2777,3
2778,6
2779,11
2780,11
2781,1
2782,12
2783,4
2784,4
2785,3
2786,3
2787,12
2788,12
2789,3
2790,12
2791,11
2792,11
2793,11
2794,1
2795,12
2796,11
2797,12
2798,12
2799,4
2800,4
2801,8
2802,8
2803,4
2804,1
2805,12
2806,1
2807,1
2808,1
2809,12
2810,12
2811,1
2812,4
2813,1
2814,1
2815,12
2816,12
2817,12
2818,12
2819,12
2820,12
2821,12
2822,3
2823,3
2824,12
2825,6
2826,6
2827,6
2828,0
2829,0
2830,4
2831,7
2832,0
2833,4
2834,4
2835,0
2836,4
2837,4
2838,4
2839,12
2840,2
2841,11
2842,7
2843,7
2844,7
2845,5
2846,7
2847,11
2848,3
2849,3
2850,3
2851,4
2852,4
2853,11
2854,3
2855,11
2856,3
2857,3
2858,3
2859,3
2860,3
2861,3
2862,3
2863,3
2864,11
2865,11
2866,11
2867,3
2868,18
2869,5
2870,18
2871,3
2872,18
2873,3
2874,3
2875,3
2876,0
2877,3
2878,6
2879,6
2880,14
2881,3
2882,3
2883,3
2884,3
2885,3
2886,19
2887,4
2888,3
2889,14
2890,4
2891,14
2892,7
2893,4
2894,7
2895,4
2896,14
2897,12
2898,12
2899,3
2900,4
2901,12
2902,6
2903,3
2904,12
2905,7
2906,1
2907,8
2908,3
2909,3
2910,3
2911,19
2912,3
2913,7
2914,3
2915,4
2916,12
2917,17
2918,19
2919,19
2920,3
2921,3
2922,8
2923,17
2924,3
2925,12
2926,12
2927,12
2928,12
2929,12
2930,12
2931,5
2932,17
2933,1
2934,19
2935,19
2936,13
2937,13
2938,19
2939,19
2940,1
2941,7
2942,7
2943,12
2944,19
2945,12
2946,12
2947,12
2948,12
2949,12
2950,0
2951,1
2952,0
2953,0
2954,0
2955,11
2956,0
2957,10
2958,11
2959,11
2960,11
2961,4
2962,1
2963,3
2964,19
2965,1
2966,3
2967,1
2968,11
2969,3
2970,1
2971,11
2972,4
2973,4
2974,11
2975,3
2976,15
2977,15
2978,19
2979,5
2980,19
2981,7
2982,1
2983,1
2984,7
2985,0
2986,1
2987,5
2988,19
2989,4
2990,0
2991,11
2992,3
2993,4
2994,3
2995,0
2996,0
2997,3
2998,19
2999,11
3000,7
3001,19
3002,19
3003,11
3004,11
3005,11
3006,8
3007,11
3008,11
3009,4
3010,0
3011,11
3012,11
3013,9
3014,7
3015,4
3016,7
3017,12
3018,7
3019,9
3020,9
3021,9
3022,9
3023,12
3024,1
3025,12
3026,12
3027,0
3028,0
3029,11
3030,11
3031,9
3032,4
3033,4
3034,1
3035,4
3036,4
3037,1
3038,1
3039,4
3040,9
3041,2
3042,1
3043,1
3044,2
3045,1
3046,1
3047,9
3048,9
3049,1
3050,1
3051,10
3052,1
3053,1
3054,1
3055,12
3056,2
3057,7
3058,8
3059,1
3060,1
3061,1
3062,17
3063,4
3064,10
3065,10
3066,0
3067,2
3068,1
3069,10
3070,10
3071,4
3072,0
3073,4
3074,2
3075,0
3076,0
3077,8
3078,8
3079,8
3080,10
3081,10
3082,10
3083,10
3084,13
3085,13
3086,1
3087,2
3088,7
3089,12
3090,7
3091,2
3092,17
3093,4
3094,4
3095,8
3096,0
3097,10
3098,10
3099,0
3100,10
3101,0
3102,1
3103,1
3104,10
3105,1
3106,8
3107,0
3108,10
3109,2
3110,2
3111,13
3112,13
3113,1
3114,10
3115,10
3116,8
3117,17
3118,13
3119,13
3120,8
3121,13
3122,10
3123,10
3124,10
3125,10
3126,10
3127,17
3128,10
3129,13
3130,10
3131,13
3132,1
3133,1
3134,2
3135,15
3136,1
3137,1
3138,1
3139,1
3140,1
3141,17
3142,8
3143,1
3144,1
3145,17
3146,12
3147,7
3148,17
3149,4
3150,4
3151,4
3152,4
3153,17
3154,10
3155,17
3156,8
3157,9
3158,8
3159,17
3160,17
3161,9
3162,4
3163,9
3164,9
3165,4
3166,13
3167,13
3168,8
3169,13
3170,10
3171,4
3172,17
3173,7
3174,4
3175,4
3176,10
3177,10
3178,5
3179,5
3180,4
3181,4
3182,10
3183,10
3184,17
3185,17
3186,0
3187,15
3188,17
3189,13
3190,13
3191,6
3192,14
3193,13
3194,14
3195,14
3196,5
3197,10
3198,6
3199,5
3200,9
3201,9
3202,1
3203,17
3204,17
3205,17
3206,17
3207,10
3208,17
3209,17
3210,9
3211,9
3212,9
3213,7
3214,8
3215,9
3216,9
3217,9
3218,9
3219,13
3220,7
3221,8
3222,14
3223,7
3224,12
3225,9
3226,9
3227,9
3228,4
3229,13
3230,13
3231,13
3232,9
3233,9
3234,9
3235,9
3236,9
3237,13
3238,13
3239,4
3240,13
3241,13
3242,8
3243,13
3244,13
3245,13
3246,5
3247,0
3248,9
3249,1
3250,7
3251,10
3252,7
3253,7
3254,7
3255,9
3256,9
3257,9
3258,15
3259,15
3260,4
3261,9
3262,13
3263,4
3264,1
3265,2
3266,8
3267,2
3268,1
3269,1
3270,1
3271,1
3272,7
3273,7
3274,13
3275,8
3276,13
3277,15
3278,15
3279,15
3280,16
3281,16
3282,2
3283,2
3284,7
3285,7
3286,13
3287,4
3288,0
3289,17
3290,13
3291,13
3292,0
3293,1
3294,1
3295,1
3296,1
3297,0
3298,8
3299,7
3300,7
3301,8
3302,1
3303,8
3304,1
3305,8
3306,4
3307,8
3308,7
3309,7
3310,14
3311,2
3312,0
3313,14
3314,1
3315,14
3316,0
3317,2
3318,4
3319,4
3320,8
3321,8
3322,8
3323,2
3324,2
3325,14
3326,4
3327,2
3328,14
3329,5
3330,2
3331,0
3332,13
3333,2
3334,2
3335,2
3336,2
3337,2
3338,14
3339,13
3340,14
3341,8
3342,2
3343,8
3344,13
3345,13
3346,7
3347,7
3348,0
3349,13
3350,9
3351,9
3352,2
3353,15
3354,15
3355,2
3356,2
3357,14
3358,9
3359,14
3360,14
3361,9
3362,7
3363,2
3364,2
3365,16
3366,16
3367,2
3368,16
3369,2
3370,9
3371,2
3372,10
3373,5
3374,5
3375,0
3376,5
3377,5
3378,5
3379,8
3380,5
3381,5
3382,5
3383,5
3384,10
3385,9
3386,2
3387,9
3388,0
3389,9
3390,2
3391,5
3392,0
3393,0
3394,0
3395,0
3396,2
3397,2
3398,2
3399,2
3400,2
3401,2
3402,2
3403,2
3404,13
3405,14
3406,16
3407,16
3408,16
3409,13
3410,2
3411,0
3412,0
3413,2
3414,0
3415,0
3416,16
3417,0
3418,0
3419,0
3420,0
3421,0
3422,5
3423,0
3424,2
3425,5
3426,2
3427,0
3428,0
3429,0
3430,0
3431,7
3432,0
3433,0
3434,0
3435,7
3436,16
3437,16
3438,16
3439,10
3440,0
3441,16
3442,10
3443,3
3444,3
3445,0
3446,0
3447,0
3448,12
3449,0
3450,0
3451,0
3452,0
3453,0
3454,0
3455,0
3456,2
3457,0
3458,12
3459,16
3460,12
3461,14
3462,14
3463,14
3464,12
3465,16
3466,12
3467,12
3468,16
3469,16
3470,12
3471,0
3472,0
3473,0
3474,0
3475,0
3476,0
3477,0
3478,0
3479,0
3480,10
3481,10
3482,2
3483,0
3484,11
3485,17
3486,17
3487,17
3488,17
3489,1
3490,1
3491,1
3492,0
3493,5
3494,2
3495,7
3496,2
3497,2
3498,16
3499,2
3500,16
3501,5
3502,0
3503,0
3504,0
3505,2
3506,0
3507,0
3508,0
3509,9
3510,4
3511,0
3512,0
3513,2
3514,0
3515,0
3516,0
3517,1
3518,2
3519,2
3520,3
3521,9
3522,4
3523,4
3524,3
3525,4
3526,1
3527,17
3528,3
3529,17
3530,17
3531,9
3532,0
3533,16
3534,16
3535,16
3536,4
3537,17
3538,4
3539,9
3540,9
3541,9
3542,0
3543,2
3544,2
3545,0
3546,0
3547,16
3548,16
3549,16
3550,4
3551,4
3552,16
3553,19
3554,4
3555,17
3556,4
3557,5
3558,0
3559,0
3560,5
3561,4
3562,17
3563,3
3564,16
3565,16
3566,4
3567,11
3568,16
3569,16
3570,16
3571,16
3572,9
3573,8
3574,2
3575,2
3576,2
3577,4
3578,4
3579,5
3580,0
3581,4
3582,3
3583,3
3584,4
3585,4
3586,3
3587,3
3588,17
3589,6
3590,6
3591,3
3592,10
3593,17
3594,3
3595,2
3596,2
3597,3
3598,4
3599,4
3600,6
3601,9
3602,17
3603,3
3604,6
3605,0
3606,15
3607,10
3608,2
3609,9
3610,7
3611,15
3612,17
3613,9
3614,3
3615,9
3616,9
3617,9
3618,4
3619,7
3620,9
3621,4
3622,5
3623,5
3624,3
3625,3
3626,3
3627,2
3628,17
3629,17
3630,17
3631,3
3632,3
3633,3
3634,16
3635,3
3636,4
3637,4
3638,0
3639,19
3640,7
3641,0
3642,2
3643,0
3644,4
3645,19
3646,19
3647,3
3648,3
3649,5
3650,4
3651,3
3652,4
3653,4
3654,2
3655,2
3656,1
3657,4
3658,2
3659,2
3660,3
3661,2
3662,10
3663,2
3664,15
3665,8
3666,8
3667,14
3668,3
3669,1
3670,14
3671,10
3672,1
3673,10
3674,15
3675,1
3676,19
3677,14
3678,0
3679,14
3680,19
3681,14
3682,7
3683,19
3684,0
3685,13
3686,14
3687,4
3688,4
3689,0
3690,15
3691,4
3692,0
3693,0
3694,0
3695,2
3696,11
3697,13
3698,0
3699,2
3700,13
3701,5
3702,13
3703,19
3704,4
3705,5
3706,14
3707,0
3708,5
3709,4
3710,4
3711,8
3712,5
3713,13
3714,5
3715,5
3716,9
3717,5
3718,7
3719,9
3720,5
3721,5
3722,9
3723,17
3724,4
3725,8
3726,4
3727,4
3728,4
3729,7
3730,4
3731,4
3732,19
3733,13
3734,19
3735,19
3736,19
3737,8
3738,5
3739,13
3740,13
3741,16
3742,16
3743,16
3744,4
3745,2
3746,0
3747,0
3748,0
3749,0
3750,0
3751,0
3752,10
3753,5
3754,7
3755,5
3756,5
3757,10
3758,10
3759,6
3760,2
3761,10
3762,3
3763,4
3764,4
3765,5
3766,10
3767,5
3768,10
3769,5
3770,5
3771,5
3772,5
3773,8
3774,16
3775,10
3776,16
3777,16
3778,16
3779,8
3780,5
3781,10
3782,10
3783,5
3784,10
3785,10
3786,10
3787,10
3788,0
3789,0
3790,0
3791,5
3792,0
3793,0
3794,5
3795,13
3796,13
3797,13
3798,5
3799,14
3800,13
3801,14
3802,3
3803,13
3804,16
3805,16
3806,6
3807,0
3808,5
3809,10
3810,6
3811,8
3812,8
3813,8
3814,3
3815,3
3816,8
3817,8
3818,3
3819,13
3820,3
3821,8
3822,8
3823,13
3824,3
3825,0
3826,0
3827,0
3828,14
3829,17
3830,14
3831,14
3832,5
3833,5
3834,5
3835,5
3836,3
3837,0
3838,13
3839,13
3840,0
3841,13
3842,16
3843,13
3844,16
3845,5
3846,5
3847,5
3848,5
3849,2
3850,16
3851,0
3852,13
3853,13
3854,5
3855,5
3856,5
3857,5
3858,11
3859,6
3860,12
3861,14
3862,19
3863,3
3864,3
3865,3
3866,2
3867,3
3868,12
3869,12
3870,3
3871,19
3872,3
3873,8
3874,19
3875,2
3876,19
3877,19
3878,19
3879,16
3880,16
3881,3
3882,17
3883,17
3884,17
3885,17
3886,3
3887,3
3888,12
3889,3
3890,3
3891,3
3892,2
3893,3
3894,17
3895,17
3896,1
3897,2
3898,10
3899,10
3900,2
3901,14
3902,3
3903,3
3904,17
3905,5
3906,1
3907,13
3908,5
3909,10
3910,9
3911,5
3912,17
3913,13
3914,13
3915,17
3916,5
3917,5
3918,5
3919,19
3920,19
3921,9
3922,10
3923,9
3924,14
3925,9
3926,9
3927,9
3928,14
3929,8
3930,9
3931,13
3932,13
3933,14
3934,3
3935,14
3936,10
3937,3
3938,3
3939,13
3940,10
3941,14
3942,2
3943,9
3944,5
3945,5
3946,13
3947,13
3948,14
3949,14
3950,10
3951,10
3952,10
3953,10
3954,10
3955,10
3956,10
3957,10
3958,8
3959,13
3960,2
3961,8
3962,13
3963,13
3964,13
3965,17
3966,13
3967,13
3968,13
3969,18
3970,14
3971,18
3972,18
3973,18
3974,0
3975,0
3976,17
3977,11
3978,7
3979,0
3980,0
3981,8
3982,8
3983,7
3984,13
3985,7
3986,10
3987,8
3988,8
3989,11
3990,5
3991,5
3992,10
3993,11
3994,10
3995,15
3996,15
3997,13
3998,10
3999,10
4000,2
4001,2
4002,8
4003,10
4004,7
4005,7
4006,7
4007,0
4008,10
4009,10
4010,2
4011,9
4012,13
4013,10
4014,10
4015,13
4016,10
4017,10
4018,10
4019,2
4020,2
4021,12
4022,15
4023,2
4024,10
4025,19
4026,10
4027,10
4028,10
4029,13
4030,13
4031,3
4032,13
4033,15
4034,15
4035,15
4036,10
4037,0
4038,0
4039,0
4040,7
4041,7
4042,7
4043,13
4044,13
4045,15
4046,10
4047,15
4048,10
4049,15
4050,15
4051,13
4052,17
4053,15
4054,15
4055,7
4056,5
4057,13
4058,15
4059,13
4060,15
4061,13
4062,4
4063,4
4064,4
4065,9
4066,0
4067,5
4068,0
4069,7
4070,9
4071,15
4072,5
4073,13
4074,5
4075,10
4076,17
4077,9
4078,0
4079,7
4080,7
4081,15
4082,13
4083,5
4084,5
4085,5
4086,17
4087,0
4088,2
4089,0
4090,4
4091,4
4092,13
4093,7
4094,0
4095,5
4096,5
4097,17
4098,15
4099,0
4100,5
4101,9
4102,5
4103,19
4104,9
4105,19
4106,19
4107,19
4108,19
4109,10
4110,4
4111,14
4112,3
4113,9
4114,9
4115,4
4116,14
4117,14
4118,5
4119,9
4120,8
4121,5
4122,16
4123,10
4124,3
4125,3
4126,9
4127,15
4128,0
4129,15
4130,19
4131,10
4132,14
4133,14
4134,3
4135,14
4136,14
4137,14
4138,5
4139,15
4140,14
4141,19
4142,19
4143,19
4144,9
4145,9
4146,14
4147,10
4148,14
4149,17
4150,17
4151,8
4152,17
4153,12
4154,8
4155,5
4156,7
4157,7
4158,15
4159,16
4160,15
4161,8
4162,10
4163,8
4164,16
4165,16
4166,19
4167,16
4168,9
4169,16
4170,19
4171,15
4172,7
4173,7
4174,7
4175,19
4176,7
4177,3
4178,7
4179,7
4180,16
4181,5
4182,7
4183,5
4184,15
4185,5
4186,16
4187,5
4188,6
4189,17
4190,16
4191,9
4192,17
4193,12
4194,9
4195,8
4196,5
4197,3
4198,9
4199,2
4200,19
4201,2
4202,19
4203,9
4204,9
4205,2
4206,9
4207,6
4208,9
4209,8
4210,9
4211,17
4212,3
4213,8
4214,3
4215,2
4216,16
4217,3
4218,16
4219,6
4220,8
4221,10
4222,3
4223,0
4224,3
4225,3
4226,3
4227,16
4228,6
4229,19
4230,7
4231,7
4232,7
4233,12
4234,8
4235,6
4236,6
4237,9
4238,9
4239,9
4240,3
4241,14
4242,3
4243,8
4244,9
4245,9
4246,6
4247,6
4248,9
4249,6
4250,10
4251,9
4252,14
4253,14
4254,3
4255,5
4256,9
4257,6
4258,9
4259,9
4260,9
4261,0
4262,9
4263,9
4264,3
4265,9
4266,9
4267,16
4268,16
4269,3
4270,3
4271,3
4272,3
4273,16
4274,16
4275,10
4276,5
4277,10
4278,10
4279,0
4280,3
4281,16
4282,16
4283,16
4284,14
4285,14
4286,16
4287,16
4288,3
4289,11
4290,11
4291,6
4292,11
4293,16
4294,10
4295,10
4296,19
4297,14
4298,14
4299,10
4300,10
4301,16
4302,7
4303,17
4304,12
4305,15
4306,2
4307,2
4308,12
4309,16
4310,14
4311,2
4312,15
4313,2
4314,9
4315,7
4316,19
4317,10
4318,12
4319,10
4320,10
4321,5
4322,2
4323,2
4324,7
4325,16
4326,7
4327,16
4328,16
4329,12
4330,12
4331,2
4332,17
4333,17
4334,16
4335,19
4336,19
4337,19
4338,19
4339,7
4340,2
4341,5
4342,11
4343,11
4344,3
4345,17
4346,11
4347,0
4348,2
4349,3
4350,3
4351,7
4352,3
4353,6
4354,3
4355,9
4356,9
4357,12
4358,6
4359,6
4360,11
4361,11
4362,11
4363,7
4364,11
4365,11
4366,2
4367,2
4368,0
4369,2
4370,19
4371,7
4372,7
4373,7
4374,5
4375,16
4376,16
4377,16
4378,10
4379,16
4380,10
4381,10
4382,10
4383,17
4384,17
4385,16
4386,12
4387,2
4388,2
4389,12
4390,2
4391,7
4392,0
4393,7
4394,9
4395,2
4396,18
4397,2
4398,10
4399,9
4400,9
4401,10
4402,10
4403,5
4404,18
4405,2
4406,18
4407,9
4408,11
4409,18
4410,18
4411,17
4412,11
4413,17
4414,2
4415,11
4416,17
4417,16
4418,10
4419,10
4420,17
4421,17
4422,12
4423,10
4424,17
4425,10
4426,18
4427,10
4428,10
4429,10
4430,18
4431,12
4432,18
4433,12
4434,8
4435,2
4436,2
4437,17
4438,8
4439,17
4440,2
4441,3
4442,5
4443,0
4444,5
4445,0
4446,0
4447,18
4448,18
4449,18
4450,18
4451,16
4452,16
4453,16
4454,5
4455,18
4456,8
4457,5
4458,18
4459,5
4460,9
4461,5
4462,6
4463,6
4464,6
4465,6
4466,10
4467,2
4468,6
4469,2
4470,12
4471,10
4472,0
4473,6
4474,6
4475,11
4476,15
4477,15
4478,6
4479,17
4480,0
4481,0
4482,0
4483,11
4484,2
4485,18
4486,0
4487,8
4488,7
4489,8
4490,11
4491,11
4492,2
4493,2
4494,2
4495,3
4496,5
4497,5
4498,5
4499,2
4500,12
4501,3
4502,5
4503,14
4504,3
4505,9
4506,12
4507,12
4508,12
4509,5
4510,18
4511,11
4512,11
4513,3
4514,11
4515,17
4516,11
4517,17
4518,2
4519,18
4520,5
4521,18
4522,2
4523,2
4524,2
4525,10
4526,16
4527,2
4528,3
4529,16
4530,2
4531,2
4532,2
4533,2
4534,5
4535,2
4536,5
4537,10
4538,5
4539,5
4540,8
4541,8
4542,11
4543,2
4544,6
4545,6
4546,6
4547,6
4548,16
4549,12
4550,12
4551,12
4552,8
4553,8
4554,8
4555,8
4556,16
4557,11
4558,18
4559,11
4560,2
4561,12
4562,11
4563,11
4564,4
4565,8
4566,7
4567,12
4568,14
4569,12
4570,2
4571,14
4572,12
4573,5
4574,5
4575,5
4576,5
4577,5
4578,5
4579,12
4580,5
4581,4
4582,7
4583,8
4584,7
4585,8
4586,8
4587,7
4588,8
4589,6
4590,18
4591,5
4592,5
4593,7
4594,15
4595,4
4596,4
4597,11
4598,4
4599,4
4600,2
4601,11
4602,10
4603,5
4604,5
4605,4
4606,12
4607,19
4608,8
4609,19
4610,19
4611,2
4612,2
4613,0
4614,5
4615,4
4616,8
4617,4
4618,2
4619,7
4620,2
4621,2
4622,2
4623,10
4624,2
4625,0
4626,4
4627,4
4628,4
4629,2
4630,2
4631,2
4632,0
4633,2
4634,8
4635,8
4636,4
4637,4
4638,8
4639,0
4640,8
4641,15
4642,15
4643,2
4644,12
4645,8
4646,4
4647,7
4648,2
4649,11
4650,0
4651,0
4652,0
4653,0
4654,0
4655,4
4656,0
4657,0
4658,0
4659,4
4660,7
4661,12
4662,12
4663,5
4664,0
4665,10
4666,10
4667,15
4668,15
4669,0
4670,10
4671,0
4672,10
4673,6
4674,8
4675,8
4676,8
4677,5
4678,4
4679,8
4680,5
4681,2
4682,4
4683,0
4684,18
4685,4
4686,17
4687,18
4688,18
4689,0
4690,18
4691,18
4692,18
4693,0
4694,0
4695,10
4696,4
4697,17
4698,0
4699,8
4700,8
4701,8
4702,4
4703,4
4704,4
4705,5
4706,10
4707,10
4708,10
4709,3
4710,3
4711,3
4712,3
4713,15
4714,8
4715,10
4716,10
4717,8
4718,8
4719,3
4720,10
4721,10
4722,8
4723,15
4724,15
4725,2
4726,2
4727,5
4728,0
4729,8
4730,7
4731,0
4732,8
4733,15
4734,15
4735,2
4736,2
4737,2
4738,12
4739,2
4740,2
4741,18
4742,8
4743,8
4744,18
4745,18
4746,17
4747,15
4748,15
4749,15
4750,8
4751,8
4752,8
4753,18
4754,8
4755,15
4756,2
4757,8
4758,11
4759,11
4760,8
4761,2
4762,10
4763,5
4764,2
4765,10
4766,9
4767,9
4768,15
4769,9
4770,11
4771,18
4772,18
4773,11
4774,17
4775,17
4776,17
4777,10
4778,12
4779,14
4780,10
4781,10
4782,10
4783,11
4784,18
4785,18
4786,18
4787,18
4788,12
4789,14
4790,11
4791,9
4792,11
4793,9
4794,9
4795,11
4796,8
4797,9
4798,5
4799,8
4800,9
4801,8
4802,9
4803,12
4804,8
4805,9
4806,9
4807,18
4808,18
4809,11
4810,11
4811,14
4812,18
4813,18
4814,8
4815,18
4816,18
4817,18
4818,0
4819,8
4820,0
4821,9
4822,2
4823,14
4824,18
4825,2
4826,5
4827,18
4828,3
4829,5
4830,5
4831,2
4832,2
4833,2
4834,0
4835,2
4836,2
4837,5
4838,10
4839,15
4840,15
4841,9
4842,5
4843,5
4844,5
4845,5
4846,11
4847,9
4848,11
4849,9
4850,5
4851,18
4852,5
4853,10
4854,10
4855,11
4856,9
4857,5
4858,0
4859,0
4860,5
4861,0
4862,9
4863,5
4864,3
4865,3
4866,5
4867,8
4868,11
4869,5
4870,8
4871,9
4872,9
4873,9
4874,5
4875,8
4876,9
4877,18
4878,18
4879,0
4880,18
4881,18
4882,18
4883,18
4884,0
4885,0
4886,8
4887,0
4888,18
4889,0
4890,0
4891,8
4892,11
4893,11
4894,18
4895,8
4896,11
4897,9
4898,9
4899,19
4900,19
4901,9
4902,8
4903,8
4904,18
4905,19
4906,10
4907,0
4908,10
4909,0
4910,0
4911,0
4912,0
4913,18
4914,7
4915,15
4916,0
4917,5
4918,2
4919,18
4920,5
4921,8
4922,5
4923,2
4924,2
4925,19
4926,2
4927,19
4928,19
4929,19
4930,19
4931,9
4932,9
4933,9
4934,9
4935,18
4936,19
4937,2
4938,7
4939,2
4940,11
4941,2
4942,11
4943,2
4944,5
4945,0
4946,5
4947,5
4948,15
4949,5
4950,5
4951,5
4952,8
4953,18
4954,11
4955,0
4956,0
4957,2
4958,5
4959,19
4960,5
4961,11
4962,11
4963,11
4964,18
4965,2
4966,11
4967,11
4968,11
4969,8
4970,8
4971,10
4972,0
4973,0
4974,0
4975,8
4976,8
4977,0
4978,8
4979,18
4980,18
4981,18
4982,8
4983,18
4984,18
4985,8
4986,0
4987,0
4988,3
4989,12
4990,12
4991,2
4992,2
4993,2
4994,18
4995,5
4996,8
4997,8
4998,8
4999,5
5000,15
5001,8
5002,12
5003,15
5004,15
5005,15
5006,3
5007,0
5008,8
5009,15
5010,6
5011,5
5012,10
5013,10
5014,10
5015,8
5016,15
5017,12
5018,15
5019,15
5020,0
5021,15
5022,15
5023,18
5024,11
5025,2
5026,18
5027,2
5028,2
5029,0
5030,2
5031,2
5032,0
5033,0
5034,2
5035,12
5036,6
5037,15
5038,12
5039,5
5040,6
5041,6
5042,3
5043,11
5044,11
5045,11
5046,11
5047,11
5048,10
5049,12
5050,10
5051,10
5052,12
5053,12
5054,6
5055,0
5056,7
5057,11
5058,0
5059,0
5060,11
5061,11
5062,0
5063,0
5064,0
5065,0
5066,2
5067,11
5068,2
5069,2
5070,0
5071,0
5072,11
5073,6
5074,6
5075,0
5076,0
5077,7
5078,3
5079,3
5080,7
5081,3
5082,7
5083,7
5084,7
5085,17
5086,6
5087,6
5088,0
5089,16
5090,16
5091,16
5092,12
5093,6
5094,6
5095,6
5096,2
5097,2
5098,3
5099,6
5100,6
5101,6
5102,0
5103,6
5104,15
5105,6
5106,6
5107,7
5108,3
5109,7
5110,7
5111,3
5112,3
5113,10
5114,10
5115,7
5116,6
5117,7
5118,6
5119,6
5120,6
5121,11
5122,6
5123,17
5124,8
5125,7
5126,7
5127,7
5128,7
5129,7
5130,7
5131,7
5132,6
5133,17
5134,6
5135,6
5136,6
5137,6
5138,17
5139,6
5140,12
5141,12
5142,6
5143,12
5144,11
5145,9
5146,9
5147,11
5148,12
5149,12
5150,2
5151,16
5152,16
5153,11
5154,6
5155,6
5156,6
5157,6
5158,6
5159,6
5160,6
5161,6
5162,6
5163,12
5164,6
5165,6
5166,7
5167,0
5168,6
5169,15
5170,15
5171,3
5172,6
5173,15
5174,15
5175,3
5176,3
5177,15
5178,3
5179,15
5180,15
5181,15
5182,6
5183,12
5184,12
5185,12
5186,7
5187,6
5188,12
5189,12
5190,15
5191,0
5192,0
5193,9
5194,15
5195,18
5196,15
5197,5
5198,0
5199,12
5200,11
5201,9
5202,11
5203,0
5204,0
5205,0
5206,0
5207,11
5208,0
5209,9
5210,6
5211,9
5212,6
5213,11
5214,1
5215,5
5216,11
5217,6
5218,1
5219,10
5220,0
5221,9
5222,7
5223,11
5224,1
5225,6
5226,11
5227,6
5228,10
5229,0
5230,1
5231,11
5232,11
5233,10
5234,10
5235,7
5236,1
5237,7
5238,0
5239,6
5240,15
5241,0
5242,3
5243,0
5244,0
5245,6
5246,7
5247,0
5248,0
5249,1
5250,1
5251,6
5252,10
5253,10
5254,10
5255,7
5256,7
5257,3
5258,3
5259,0
5260,10
5261,0
5262,0
5263,10
5264,3
5265,0
5266,10
5267,5
5268,7
5269,10
5270,11
5271,3
5272,1
5273,5
5274,1
5275,10
5276,1
5277,1
5278,1
5279,11
5280,1
5281,3
5282,3
5283,11
5284,3
5285,15
5286,17
5287,15
5288,14
5289,3
5290,5
5291,15
5292,11
5293,3
5294,0
5295,7
5296,7
5297,7
5298,0
5299,11
5300,5
5301,15
5302,0
5303,0
5304,0
5305,2
5306,0
5307,0
5308,0
5309,7
5310,5
5311,0
5312,5
5313,5
5314,15
5315,12
5316,11
5317,11
5318,11
5319,11
5320,11
5321,11
5322,11
5323,0
5324,8
5325,0
5326,0
5327,2
5328,11
5329,12
5330,10
5331,7
5332,7
5333,7
5334,0
5335,6
5336,18
5337,19
5338,2
5339,2
5340,2
5341,18
5342,18
5343,3
5344,3
5345,3
5346,6
5347,0
5348,5
5349,3
5350,11
5351,2
5352,0
5353,11
5354,11
5355,14
5356,18
5357,18
5358,11
5359,0
5360,0
5361,2
5362,2
5363,2
5364,2
5365,0
5366,5
5367,8
5368,8
5369,14
5370,14
5371,0
5372,3
5373,0
5374,3
5375,18
5376,0
5377,0
5378,0
5379,18
5380,8
5381,8
5382,18
5383,18
5384,0
5385,0
5386,0
5387,7
5388,14
5389,14
5390,14
5391,7
5392,19
5393,18
5394,0
5395,0
5396,8
5397,3
5398,7
5399,8
5400,14
5401,8
5402,2
5403,8
5404,18
5405,18
5406,10
5407,3
5408,3
5409,3
5410,2
5411,2
5412,2
5413,0
5414,2
5415,9
5416,14
5417,2
5418,14
5419,10
5420,8
5421,18
5422,18
5423,10
5424,14
5425,9
5426,18
5427,13
5428,18
5429,14
5430,0
5431,8
5432,8
5433,0
5434,3
5435,3
5436,0
5437,14
5438,3
5439,3
5440,0
5441,7
5442,7
5443,2
5444,3
5445,3
5446,3
5447,3
5448,3
5449,14
5450,14
5451,14
5452,10
5453,10
5454,11
5455,7
5456,5
5457,5
5458,5
5459,10
5460,1
5461,11
5462,11
5463,1
5464,1
5465,1
5466,8
5467,8
5468,11
5469,11
5470,11
5471,11
5472,14
5473,14
5474,0
5475,0
5476,0
5477,12
5478,0
5479,0
5480,12
5481,0
5482,12
5483,19
5484,12
5485,0
5486,0
5487,11
5488,12
5489,11
5490,11
5491,1
5492,0
5493,0
5494,10
5495,0
5496,11
5497,11
5498,1
5499,1
5500,2
5501,1
5502,1
5503,11
5504,8
5505,19
5506,8
5507,11
5508,7
5509,0
5510,11
5511,0
5512,0
5513,7
5514,7
5515,1
5516,11
5517,12
5518,1
5519,11
5520,11
5521,14
5522,19
5523,14
5524,14
5525,11
5526,11
5527,19
5528,19
5529,19
5530,19
5531,19
5532,0
5533,19
5534,12
5535,10
5536,12
5537,1
5538,12
5539,10
5540,11
5541,1
5542,1
5543,19
5544,1
5545,11
5546,5
5547,11
5548,0
5549,0
5550,0
5551,10
5552,11
5553,6
5554,1
5555,11
5556,11
5557,0
5558,6
5559,6
5560,11
5561,1
5562,11
5563,11
5564,11
5565,0
5566,0
5567,0
5568,10
5569,4
5570,4
5571,10
5572,10
5573,15
5574,11
5575,10
5576,10
5577,0
5578,11
5579,0
5580,19
5581,19
5582,11
5583,11
5584,19
5585,19
5586,19
5587,14
5588,14
5589,10
5590,15
5591,15
5592,14
5593,15
5594,14
5595,19
5596,15
5597,15
5598,7
5599,6
5600,11
5601,0
5602,1
5603,9
5604,9
5605,9
5606,9
5607,9
5608,9
5609,10
5610,6
5611,6
5612,11
5613,3
5614,3
5615,6
5616,3
5617,11
5618,6
5619,14
5620,6
5621,11
5622,12
5623,11
5624,10
5625,12
5626,6
5627,6
5628,6
5629,12
5630,3
5631,6
5632,18
5633,18
5634,18
5635,10
5636,18
5637,18
5638,19
5639,10
5640,10
5641,1
5642,18
5643,18
5644,3
5645,3
5646,7
5647,7
5648,1
5649,19
5650,9
5651,5
5652,5
5653,5
5654,6
5655,6
5656,5
5657,19
5658,18
5659,1
5660,1
5661,19
5662,1
5663,10
5664,19
5665,10
5666,19
5667,10
5668,9
5669,1
5670,10
5671,10
5672,9
5673,19
5674,5
5675,11
5676,19
5677,10
5678,2
5679,3
5680,10
5681,1
5682,3
5683,6
5684,6
5685,6
5686,12
5687,11
5688,11
5689,11
5690,6
5691,6
5692,11
5693,6
5694,6
5695,6
5696,6
5697,6
5698,6
5699,6
5700,17
5701,6
5702,17
5703,14
5704,17
5705,6
5706,17
5707,0
5708,17
5709,17
5710,17
5711,6
5712,5
5713,3
5714,5
5715,3
5716,12
5717,12
5718,12
5719,12
5720,12
5721,3
5722,4
5723,12
5724,12
5725,12
5726,2
5727,12
5728,2
5729,5
5730,2
5731,2
5732,11
5733,11
5734,2
5735,5
5736,14
5737,14
5738,5
5739,5
5740,9
5741,5
5742,7
5743,6
5744,3
5745,3
5746,7
5747,6
5748,6
5749,5
5750,5
5751,5
5752,11
5753,11
5754,7
5755,5
5756,5
5757,6
5758,6
5759,19
5760,19
5761,19
5762,19
5763,19
5764,6
5765,0
5766,19
5767,0
5768,0
5769,12
5770,2
5771,16
5772,7
5773,14
5774,12
5775,5
5776,5
5777,7
5778,12
5779,9
5780,16
5781,12
5782,6
5783,11
5784,10
5785,0
5786,0
5787,6
5788,6
5789,6
5790,10
5791,6
5792,0
5793,10
5794,7
5795,7
5796,10
5797,10
5798,10
5799,11
5800,11
5801,12
5802,12
5803,19
5804,12
5805,12
5806,11
5807,0
5808,12
5809,15
5810,15
5811,15
5812,1
5813,2
5814,15
5815,0
5816,0
5817,0
5818,19
5819,19
5820,1
5821,19
5822,10
5823,11
5824,1
5825,11
5826,19
5827,19
5828,18
5829,15
5830,19
5831,15
5832,17
5833,10
5834,12
5835,12
5836,12
5837,12
5838,18
5839,18
5840,10
5841,12
5842,12
5843,18
5844,12
5845,18
5846,12
5847,12
5848,19
5849,12
5850,12
5851,12
5852,18
5853,12
5854,6
5855,12
5856,19
5857,18
5858,12
5859,19
5860,12
5861,1
5862,9
5863,9
5864,9
5865,12
5866,9
5867,12
5868,14
5869,10
5870,12
5871,14
5872,14
5873,1
5874,12
5875,14
5876,16
5877,18
5878,15
5879,16
5880,6
5881,18
5882,12
5883,9
5884,9
5885,9
5886,16
5887,18
5888,18
5889,19
5890,18
5891,19
5892,18
5893,18
5894,18
5895,18
5896,12
5897,12
5898,1
5899,1
5900,13
5901,18
5902,18
5903,12
5904,12
5905,12
5906,12
5907,1
5908,15
5909,1
5910,1
5911,1
5912,10
5913,8
5914,3
5915,3
5916,18
5917,18
5918,18
5919,3
5920,9
5921,19
5922,3
5923,3
5924,19
5925,10
5926,9
5927,19
5928,2
5929,2
5930,19
5931,19
5932,15
5933,5
5934,18
5935,7
5936,9
5937,18
5938,9
5939,18
5940,14
5941,14
5942,18
5943,5
5944,7
5945,19
5946,19
5947,19
5948,19
5949,19
5950,0
5951,14
5952,14
5953,14
5954,18
5955,18
5956,14
5957,18
5958,18
5959,14
5960,18
5961,19
5962,18
5963,18
5964,9
5965,18
5966,18
5967,19
5968,18
5969,18
5970,18
5971,8
5972,18
5973,19
5974,18
5975,8
5976,15
5977,18
5978,5
5979,15
5980,19
5981,8
5982,8
5983,8
5984,19
5985,8
5986,8
5987,5
5988,5
5989,18
5990,15
5991,19
5992,19
5993,15
5994,18
5995,7
5996,18
5997,18
5998,9
5999,9
6000,9
